timestamp,test_id,nnodes,tasks_per_node,collective_type,mpi_lib,mpi_lib_version,gpu_awareness,gpu_lib,gpu_lib_version,output_level,MPI_Op,notes
2025_03_12___12_18_24,0,8,1,ALLREDUCE,OMPI,4.1.6,no,null,null,summarized,MPI_SUM,null
2025_03_12___12_18_24,1,8,1,ALLGATHER,OMPI,4.1.6,no,null,null,summarized,null,null
2025_03_12___12_18_24,2,8,1,BCAST,OMPI,4.1.6,no,null,null,summarized,null,null
2025_03_12___12_18_24,3,8,1,REDUCE_SCATTER,OMPI,4.1.6,no,null,null,summarized,MPI_SUM,null
2025_03_13___15_38_05,0,4,1,ALLGATHER,OMPI,4.1.6,yes,CUDA,12.1,summarized,null,null
2025_03_13___15_47_02,0,4,1,ALLGATHER,OMPI,4.1.6,no,null,null,summarized,null,null
2025_03_19___20_05_06,0,32,1,ALLGATHER,OMPI,4.1.6,no,null,null,summarized,null,null
2025_03_19___20_04_47,0,128,1,ALLREDUCE,OMPI,4.1.6,no,null,null,summarized,MPI_SUM,null
2025_03_19___21_30_29,0,128,1,ALLREDUCE,OMPI,4.1.6,no,null,null,summarized,MPI_SUM,null
2025_03_19___21_30_29,1,128,1,ALLGATHER,OMPI,4.1.6,no,null,null,summarized,null,null
2025_03_19___21_30_29,2,128,1,BCAST,OMPI,4.1.6,no,null,null,summarized,null,null
2025_03_19___21_30_29,3,128,1,REDUCE_SCATTER,OMPI,4.1.6,no,null,null,summarized,MPI_SUM,null
2025_03_20___12_52_50,0,4,4,ALLGATHER,OMPI,4.1.6,yes,CUDA,12.1,summarized,null,null
2025_03_20___12_52_50,1,4,2,ALLGATHER,OMPI,4.1.6,yes,CUDA,12.1,summarized,null,null
2025_03_20___12_52_50,2,4,1,ALLGATHER,OMPI,4.1.6,yes,CUDA,12.1,summarized,null,null
2025_03_20___12_52_50,3,4,1,ALLGATHER,OMPI,4.1.6,no,null,null,summarized,null,null
2025_03_22___10_48_09,0,256,1,ALLREDUCE,OMPI,4.1.6,no,null,null,summarized,MPI_SUM,null
2025_03_22___10_48_09,1,256,1,ALLGATHER,OMPI,4.1.6,no,null,null,summarized,null,null
2025_03_22___10_48_09,2,256,1,BCAST,OMPI,4.1.6,no,null,null,summarized,null,null
2025_03_22___10_48_09,3,256,1,REDUCE_SCATTER,OMPI,4.1.6,no,null,null,summarized,MPI_SUM,null
2025_03_28___16_48_20,0,2048,1,ALLREDUCE,OMPI,4.1.6,no,null,null,summarized,MPI_SUM,null
2025_03_28___16_48_20,1,2048,1,ALLGATHER,OMPI,4.1.6,no,null,null,summarized,null,null
2025_03_28___17_14_41,0,2048,1,ALLREDUCE,OMPI,4.1.6,no,null,null,summarized,MPI_SUM,rail 4
2025_03_28___17_14_41,1,2048,1,ALLGATHER,OMPI,4.1.6,no,null,null,summarized,null,rail 4
2025_03_28___17_42_08,0,1024,1,ALLREDUCE,OMPI,4.1.6,no,null,null,summarized,MPI_SUM,null
2025_03_28___17_42_08,1,1024,1,ALLGATHER,OMPI,4.1.6,no,null,null,summarized,null,null
2025_03_28___18_19_43,0,512,1,ALLREDUCE,OMPI,4.1.6,no,null,null,summarized,MPI_SUM,null
2025_03_28___18_19_43,1,512,1,ALLGATHER,OMPI,4.1.6,no,null,null,summarized,null,null
2025_04_01___18_15_01,0,128,1,ALLREDUCE,OMPI,4.1.6,no,null,null,summarized,MPI_SUM,New big test with all collectives
2025_04_01___18_15_01,1,128,1,ALLGATHER,OMPI,4.1.6,no,null,null,summarized,null,New big test with all collectives
2025_04_01___18_15_01,2,128,1,BCAST,OMPI,4.1.6,no,null,null,summarized,null,New big test with all collectives
2025_04_01___18_15_01,3,128,1,GATHER,OMPI,4.1.6,no,null,null,summarized,null,New big test with all collectives
2025_04_01___18_15_01,4,128,1,REDUCE,OMPI,4.1.6,no,null,null,summarized,MPI_SUM,New big test with all collectives
2025_04_01___18_15_01,5,128,1,REDUCE_SCATTER,OMPI,4.1.6,no,null,null,summarized,MPI_SUM,New big test with all collectives
2025_04_01___18_15_01,6,128,1,SCATTER,OMPI,4.1.6,no,null,null,summarized,null,New big test with all collectives
2025_04_02___20_02_52,0,256,1,ALLREDUCE,OMPI,4.1.6,no,null,null,summarized,MPI_SUM,null
2025_04_02___20_02_52,1,256,1,ALLGATHER,OMPI,4.1.6,no,null,null,summarized,null,null
2025_04_02___20_02_52,2,256,1,ALLTOALL,OMPI,4.1.6,no,null,null,summarized,null,null
2025_04_02___20_02_52,3,256,1,BCAST,OMPI,4.1.6,no,null,null,summarized,null,null
2025_04_02___20_02_52,4,256,1,GATHER,OMPI,4.1.6,no,null,null,summarized,null,null
2025_04_02___20_02_52,5,256,1,REDUCE,OMPI,4.1.6,no,null,null,summarized,MPI_SUM,null
2025_04_02___20_02_52,6,256,1,REDUCE_SCATTER,OMPI,4.1.6,no,null,null,summarized,MPI_SUM,null
2025_04_02___20_02_52,7,256,1,SCATTER,OMPI,4.1.6,no,null,null,summarized,null,null
2025_04_04___00_19_08,0,256,1,ALLREDUCE,OMPI,4.1.6,no,null,null,summarized,MPI_SUM,Improvements in most collectives
2025_04_04___00_19_08,1,256,1,ALLGATHER,OMPI,4.1.6,no,null,null,summarized,null,Improvements in most collectives
2025_04_04___00_19_08,2,256,1,ALLTOALL,OMPI,4.1.6,no,null,null,summarized,null,Improvements in most collectives
2025_04_04___00_19_08,3,256,1,BCAST,OMPI,4.1.6,no,null,null,summarized,null,Improvements in most collectives
2025_04_04___00_19_08,4,256,1,GATHER,OMPI,4.1.6,no,null,null,summarized,null,Improvements in most collectives
2025_04_04___00_19_08,5,256,1,REDUCE,OMPI,4.1.6,no,null,null,summarized,MPI_SUM,Improvements in most collectives
2025_04_04___00_19_08,6,256,1,REDUCE_SCATTER,OMPI,4.1.6,no,null,null,summarized,MPI_SUM,Improvements in most collectives
2025_04_04___00_19_08,7,256,1,SCATTER,OMPI,4.1.6,no,null,null,summarized,null,Improvements in most collectives
2025_04_04___18_21_29,0,256,1,BCAST,OMPI,4.1.6,no,null,null,summarized,null,1200+ nodes are excluded
2025_04_05___23_20_55,0,256,1,ALLREDUCE,OMPI,4.1.6,no,null,null,summarized,MPI_SUM,null
2025_04_05___23_20_55,1,256,1,ALLGATHER,OMPI,4.1.6,no,null,null,summarized,null,null
2025_04_05___23_20_55,2,256,1,ALLTOALL,OMPI,4.1.6,no,null,null,summarized,null,null
2025_04_05___23_20_55,3,256,1,BCAST,OMPI,4.1.6,no,null,null,summarized,null,null
2025_04_05___23_20_55,4,256,1,GATHER,OMPI,4.1.6,no,null,null,summarized,null,null
2025_04_05___23_20_55,5,256,1,REDUCE,OMPI,4.1.6,no,null,null,summarized,MPI_SUM,null
2025_04_05___23_20_55,6,256,1,REDUCE_SCATTER,OMPI,4.1.6,no,null,null,summarized,MPI_SUM,null
2025_04_05___23_20_55,7,256,1,SCATTER,OMPI,4.1.6,no,null,null,summarized,null,null
2025_04_06___13_13_36,0,256,1,ALLREDUCE,OMPI,4.1.6,no,null,null,summarized,MPI_SUM,UCX_IB_SL=0 test
2025_04_06___13_24_12,0,128,1,ALLREDUCE,OMPI,4.1.6,no,null,null,summarized,MPI_SUM,null
2025_04_06___13_24_12,1,128,1,ALLGATHER,OMPI,4.1.6,no,null,null,summarized,null,null
2025_04_06___13_24_12,2,128,1,ALLTOALL,OMPI,4.1.6,no,null,null,summarized,null,null
2025_04_06___13_24_12,3,128,1,BCAST,OMPI,4.1.6,no,null,null,summarized,null,null
2025_04_06___13_24_12,4,128,1,GATHER,OMPI,4.1.6,no,null,null,summarized,null,null
2025_04_06___13_24_12,5,128,1,REDUCE,OMPI,4.1.6,no,null,null,summarized,MPI_SUM,null
2025_04_06___13_24_12,6,128,1,REDUCE_SCATTER,OMPI,4.1.6,no,null,null,summarized,MPI_SUM,null
2025_04_06___13_24_12,7,128,1,SCATTER,OMPI,4.1.6,no,null,null,summarized,null,null
2025_04_06___13_24_31,0,64,1,ALLREDUCE,OMPI,4.1.6,no,null,null,summarized,MPI_SUM,null
2025_04_06___13_24_31,1,64,1,ALLGATHER,OMPI,4.1.6,no,null,null,summarized,null,null
2025_04_06___13_24_31,2,64,1,ALLTOALL,OMPI,4.1.6,no,null,null,summarized,null,null
2025_04_06___13_24_31,3,64,1,BCAST,OMPI,4.1.6,no,null,null,summarized,null,null
2025_04_06___13_24_31,4,64,1,GATHER,OMPI,4.1.6,no,null,null,summarized,null,null
2025_04_06___13_24_31,5,64,1,REDUCE,OMPI,4.1.6,no,null,null,summarized,MPI_SUM,null
2025_04_06___13_24_31,6,64,1,REDUCE_SCATTER,OMPI,4.1.6,no,null,null,summarized,MPI_SUM,null
2025_04_06___13_24_31,7,64,1,SCATTER,OMPI,4.1.6,no,null,null,summarized,null,null
2025_04_06___13_24_51,0,32,1,ALLREDUCE,OMPI,4.1.6,no,null,null,summarized,MPI_SUM,null
2025_04_06___13_24_51,1,32,1,ALLGATHER,OMPI,4.1.6,no,null,null,summarized,null,null
2025_04_06___13_24_51,2,32,1,ALLTOALL,OMPI,4.1.6,no,null,null,summarized,null,null
2025_04_06___13_24_51,3,32,1,BCAST,OMPI,4.1.6,no,null,null,summarized,null,null
2025_04_06___13_24_51,4,32,1,GATHER,OMPI,4.1.6,no,null,null,summarized,null,null
2025_04_06___13_24_51,5,32,1,REDUCE,OMPI,4.1.6,no,null,null,summarized,MPI_SUM,null
2025_04_06___13_24_51,6,32,1,REDUCE_SCATTER,OMPI,4.1.6,no,null,null,summarized,MPI_SUM,null
2025_04_06___13_24_51,7,32,1,SCATTER,OMPI,4.1.6,no,null,null,summarized,null,null
2025_04_06___13_25_12,0,16,1,ALLREDUCE,OMPI,4.1.6,no,null,null,summarized,MPI_SUM,null
2025_04_06___13_25_12,1,16,1,ALLGATHER,OMPI,4.1.6,no,null,null,summarized,null,null
2025_04_06___13_25_12,2,16,1,ALLTOALL,OMPI,4.1.6,no,null,null,summarized,null,null
2025_04_06___13_25_12,3,16,1,BCAST,OMPI,4.1.6,no,null,null,summarized,null,null
2025_04_06___13_25_12,4,16,1,GATHER,OMPI,4.1.6,no,null,null,summarized,null,null
2025_04_06___13_25_12,5,16,1,REDUCE,OMPI,4.1.6,no,null,null,summarized,MPI_SUM,null
2025_04_06___13_25_12,6,16,1,REDUCE_SCATTER,OMPI,4.1.6,no,null,null,summarized,MPI_SUM,null
2025_04_06___13_25_12,7,16,1,SCATTER,OMPI,4.1.6,no,null,null,summarized,null,null
2025_04_06___13_25_25,0,8,1,ALLREDUCE,OMPI,4.1.6,no,null,null,summarized,MPI_SUM,null
2025_04_06___13_25_25,1,8,1,ALLGATHER,OMPI,4.1.6,no,null,null,summarized,null,null
2025_04_06___13_25_25,2,8,1,ALLTOALL,OMPI,4.1.6,no,null,null,summarized,null,null
2025_04_06___13_25_25,3,8,1,BCAST,OMPI,4.1.6,no,null,null,summarized,null,null
2025_04_06___13_25_25,4,8,1,GATHER,OMPI,4.1.6,no,null,null,summarized,null,null
2025_04_06___13_25_25,5,8,1,REDUCE,OMPI,4.1.6,no,null,null,summarized,MPI_SUM,null
2025_04_06___13_25_25,6,8,1,REDUCE_SCATTER,OMPI,4.1.6,no,null,null,summarized,MPI_SUM,null
2025_04_06___13_25_25,7,8,1,SCATTER,OMPI,4.1.6,no,null,null,summarized,null,null
2025_04_06___13_25_39,0,4,1,ALLREDUCE,OMPI,4.1.6,no,null,null,summarized,MPI_SUM,null
2025_04_06___13_25_39,1,4,1,ALLGATHER,OMPI,4.1.6,no,null,null,summarized,null,null
2025_04_06___13_25_39,2,4,1,ALLTOALL,OMPI,4.1.6,no,null,null,summarized,null,null
2025_04_06___13_25_39,3,4,1,BCAST,OMPI,4.1.6,no,null,null,summarized,null,null
2025_04_06___13_25_39,4,4,1,GATHER,OMPI,4.1.6,no,null,null,summarized,null,null
2025_04_06___13_25_39,5,4,1,REDUCE,OMPI,4.1.6,no,null,null,summarized,MPI_SUM,null
2025_04_06___13_25_39,6,4,1,REDUCE_SCATTER,OMPI,4.1.6,no,null,null,summarized,MPI_SUM,null
2025_04_06___13_25_39,7,4,1,SCATTER,OMPI,4.1.6,no,null,null,summarized,null,null
2025_04_06___13_25_56,0,2,1,ALLREDUCE,OMPI,4.1.6,no,null,null,summarized,MPI_SUM,null
2025_04_06___13_25_56,1,2,1,ALLGATHER,OMPI,4.1.6,no,null,null,summarized,null,null
2025_04_06___13_25_56,2,2,1,ALLTOALL,OMPI,4.1.6,no,null,null,summarized,null,null
2025_04_06___13_25_56,3,2,1,BCAST,OMPI,4.1.6,no,null,null,summarized,null,null
2025_04_06___13_25_56,4,2,1,GATHER,OMPI,4.1.6,no,null,null,summarized,null,null
2025_04_06___13_25_56,5,2,1,REDUCE,OMPI,4.1.6,no,null,null,summarized,MPI_SUM,null
2025_04_06___13_25_56,6,2,1,REDUCE_SCATTER,OMPI,4.1.6,no,null,null,summarized,MPI_SUM,null
2025_04_06___13_25_56,7,2,1,SCATTER,OMPI,4.1.6,no,null,null,summarized,null,null
2025_04_06___20_44_58,0,254,1,ALLGATHER,OMPI,4.1.6,no,null,null,summarized,null,testing non po2 algos
2025_04_06___20_44_58,1,254,1,REDUCE_SCATTER,OMPI,4.1.6,no,null,null,summarized,MPI_SUM,testing non po2 algos
2025_04_06___23_05_13,0,256,1,ALLREDUCE,OMPI,4.1.6,no,null,null,summarized,MPI_SUM,4 tasks per node
2025_04_06___23_05_13,1,256,1,ALLGATHER,OMPI,4.1.6,no,null,null,summarized,null,4 tasks per node
2025_04_06___23_05_13,2,256,1,ALLTOALL,OMPI,4.1.6,no,null,null,summarized,null,4 tasks per node
2025_04_06___23_05_13,3,256,1,BCAST,OMPI,4.1.6,no,null,null,summarized,null,4 tasks per node
2025_04_06___23_05_13,4,256,1,GATHER,OMPI,4.1.6,no,null,null,summarized,null,4 tasks per node
2025_04_06___23_05_13,5,256,1,REDUCE,OMPI,4.1.6,no,null,null,summarized,MPI_SUM,4 tasks per node
2025_04_06___23_05_13,6,256,1,REDUCE_SCATTER,OMPI,4.1.6,no,null,null,summarized,MPI_SUM,4 tasks per node
2025_04_06___23_05_13,7,256,1,SCATTER,OMPI,4.1.6,no,null,null,summarized,null,4 tasks per node
2025_04_06___23_14_26,0,256,1,ALLREDUCE,OMPI,4.1.6,no,null,null,summarized,MPI_SUM,UCX_IB_SL=0 test
2025_04_06___23_14_26,1,256,1,ALLGATHER,OMPI,4.1.6,no,null,null,summarized,null,UCX_IB_SL=0 test
2025_04_06___23_14_26,2,256,1,ALLTOALL,OMPI,4.1.6,no,null,null,summarized,null,UCX_IB_SL=0 test
2025_04_06___23_14_26,3,256,1,BCAST,OMPI,4.1.6,no,null,null,summarized,null,UCX_IB_SL=0 test
2025_04_06___23_14_26,4,256,1,GATHER,OMPI,4.1.6,no,null,null,summarized,null,UCX_IB_SL=0 test
2025_04_06___23_14_26,5,256,1,REDUCE,OMPI,4.1.6,no,null,null,summarized,MPI_SUM,UCX_IB_SL=0 test
2025_04_06___23_14_26,6,256,1,REDUCE_SCATTER,OMPI,4.1.6,no,null,null,summarized,MPI_SUM,UCX_IB_SL=0 test
2025_04_06___23_14_26,7,256,1,SCATTER,OMPI,4.1.6,no,null,null,summarized,null,UCX_IB_SL=0 test
2025_05_01___17_13_22,0,64,1,ALLREDUCE,OMPI,4.1.6,no,null,null,summarized,MPI_SUM,null
2025_05_01___17_13_22,1,64,1,ALLGATHER,OMPI,4.1.6,no,null,null,summarized,null,null
2025_05_01___17_13_22,2,64,1,ALLTOALL,OMPI,4.1.6,no,null,null,summarized,null,null
2025_05_01___17_13_22,3,64,1,BCAST,OMPI,4.1.6,no,null,null,summarized,null,null
2025_05_01___17_13_22,4,64,1,GATHER,OMPI,4.1.6,no,null,null,summarized,null,null
2025_05_01___17_13_22,5,64,1,REDUCE,OMPI,4.1.6,no,null,null,summarized,MPI_SUM,null
2025_05_01___17_13_22,6,64,1,REDUCE_SCATTER,OMPI,4.1.6,no,null,null,summarized,MPI_SUM,null
2025_05_01___17_13_22,7,64,1,SCATTER,OMPI,4.1.6,no,null,null,summarized,null,null
2025_05_01___17_13_53,0,32,1,ALLREDUCE,OMPI,4.1.6,no,null,null,summarized,MPI_SUM,null
2025_05_01___17_13_53,1,32,1,ALLGATHER,OMPI,4.1.6,no,null,null,summarized,null,null
2025_05_01___17_13_53,2,32,1,ALLTOALL,OMPI,4.1.6,no,null,null,summarized,null,null
2025_05_01___17_13_53,3,32,1,BCAST,OMPI,4.1.6,no,null,null,summarized,null,null
2025_05_01___17_13_53,4,32,1,GATHER,OMPI,4.1.6,no,null,null,summarized,null,null
2025_05_01___17_13_53,5,32,1,REDUCE,OMPI,4.1.6,no,null,null,summarized,MPI_SUM,null
2025_05_01___17_13_53,6,32,1,REDUCE_SCATTER,OMPI,4.1.6,no,null,null,summarized,MPI_SUM,null
2025_05_01___17_13_53,7,32,1,SCATTER,OMPI,4.1.6,no,null,null,summarized,null,null
2025_05_01___17_14_29,0,16,1,ALLREDUCE,OMPI,4.1.6,no,null,null,summarized,MPI_SUM,null
2025_05_01___17_14_29,1,16,1,ALLGATHER,OMPI,4.1.6,no,null,null,summarized,null,null
2025_05_01___17_14_29,2,16,1,ALLTOALL,OMPI,4.1.6,no,null,null,summarized,null,null
2025_05_01___17_14_29,3,16,1,BCAST,OMPI,4.1.6,no,null,null,summarized,null,null
2025_05_01___17_14_29,4,16,1,GATHER,OMPI,4.1.6,no,null,null,summarized,null,null
2025_05_01___17_14_29,5,16,1,REDUCE,OMPI,4.1.6,no,null,null,summarized,MPI_SUM,null
2025_05_01___17_14_29,6,16,1,REDUCE_SCATTER,OMPI,4.1.6,no,null,null,summarized,MPI_SUM,null
2025_05_01___17_14_29,7,16,1,SCATTER,OMPI,4.1.6,no,null,null,summarized,null,null
2025_05_01___17_14_46,0,8,1,ALLREDUCE,OMPI,4.1.6,no,null,null,summarized,MPI_SUM,null
2025_05_01___17_14_46,1,8,1,ALLGATHER,OMPI,4.1.6,no,null,null,summarized,null,null
2025_05_01___17_14_46,2,8,1,ALLTOALL,OMPI,4.1.6,no,null,null,summarized,null,null
2025_05_01___17_14_46,3,8,1,BCAST,OMPI,4.1.6,no,null,null,summarized,null,null
2025_05_01___17_14_46,4,8,1,GATHER,OMPI,4.1.6,no,null,null,summarized,null,null
2025_05_01___17_14_46,5,8,1,REDUCE,OMPI,4.1.6,no,null,null,summarized,MPI_SUM,null
2025_05_01___17_14_46,6,8,1,REDUCE_SCATTER,OMPI,4.1.6,no,null,null,summarized,MPI_SUM,null
2025_05_01___17_14_46,7,8,1,SCATTER,OMPI,4.1.6,no,null,null,summarized,null,null
2025_05_01___17_15_19,0,4,1,ALLREDUCE,OMPI,4.1.6,no,null,null,summarized,MPI_SUM,null
2025_05_01___17_15_19,1,4,1,ALLGATHER,OMPI,4.1.6,no,null,null,summarized,null,null
2025_05_01___17_15_19,2,4,1,ALLTOALL,OMPI,4.1.6,no,null,null,summarized,null,null
2025_05_01___17_15_19,3,4,1,BCAST,OMPI,4.1.6,no,null,null,summarized,null,null
2025_05_01___17_15_19,4,4,1,GATHER,OMPI,4.1.6,no,null,null,summarized,null,null
2025_05_01___17_15_19,5,4,1,REDUCE,OMPI,4.1.6,no,null,null,summarized,MPI_SUM,null
2025_05_01___17_15_19,6,4,1,REDUCE_SCATTER,OMPI,4.1.6,no,null,null,summarized,MPI_SUM,null
2025_05_01___17_15_19,7,4,1,SCATTER,OMPI,4.1.6,no,null,null,summarized,null,null
2025_05_06___19_06_52,0,16,1,ALLREDUCE,customOMPI,5.0.7,no,null,null,summarized,MPI_SUM,raben is modified allg scatter is old raben
2025_05_10___18_33_42,0,4,1,ALLREDUCE,customOMPI,5.0.7,no,null,null,summarized,MPI_SUM,raben is modified allg scatter is old raben
2025_05_10___18_34_08,0,8,1,ALLREDUCE,customOMPI,5.0.7,no,null,null,summarized,MPI_SUM,raben is modified allg scatter is old raben
2025_06_04___14_26_23,0,64,1,REDUCE_SCATTER,OMPI,4.1.6,no,null,null,summarized,MPI_SUM,null
2025_06_04___14_26_23,1,64,4,REDUCE_SCATTER,OMPI,4.1.6,no,null,null,summarized,MPI_SUM,null
2025_06_04___14_26_23,2,64,32,REDUCE_SCATTER,OMPI,4.1.6,no,null,null,summarized,MPI_SUM,null
2025_06_04___15_12_34,0,200,1,ALLREDUCE,OMPI,4.1.6,no,null,null,summarized,MPI_SUM,null
2025_06_04___15_12_34,1,200,1,ALLGATHER,OMPI,4.1.6,no,null,null,summarized,null,null
2025_06_04___15_12_34,2,200,1,REDUCE_SCATTER,OMPI,4.1.6,no,null,null,summarized,MPI_SUM,null
2025_10_26___12_07_51,0,27,1,ALLREDUCE,OMPI,4.1.6,no,null,null,statistics,,null
2025_10_26___12_29_36,0,27,1,ALLREDUCE,OMPI,4.1.6,no,null,null,summarized,,null
2025_12_15___22_48_59,0,32,1,BCAST,OMPI,4.1.6,no,null,null,minimal,,null
2025_12_16___18_37_44,0,32,1,BCAST,OMPI,4.1.6,no,null,null,minimal,,null
2025_12_16___18_59_09,0,32,1,BCAST,OMPI,4.1.6,no,null,null,minimal,,null
2025_12_16___19_00_26,0,64,1,BCAST,OMPI,4.1.6,no,null,null,minimal,,null
2025_12_16___18_59_21,0,32,1,BCAST,OMPI,4.1.6,no,null,null,minimal,,null
2025_12_16___19_00_43,0,64,1,BCAST,OMPI,4.1.6,no,null,null,minimal,,null
2025_12_16___19_28_49,0,128,1,BCAST,OMPI,4.1.6,no,null,null,minimal,,null
2025_12_16___19_28_49,1,128,2,BCAST,OMPI,4.1.6,no,null,null,minimal,,null
2025_12_16___19_28_49,2,128,4,BCAST,OMPI,4.1.6,no,null,null,minimal,,null
2025_12_16___20_20_09,0,4,4,REDUCE_SCATTER,OMPI,4.1.6,yes,cuda,12.1,summarized,,hierarchical from GPU fork
2025_12_16___20_20_09,1,4,4,REDUCE_SCATTER,OMPI,4.1.6,no,null,null,summarized,,hierarchical from GPU fork
2025_12_16___20_47_00,0,4,4,REDUCE_SCATTER,OMPI,4.1.6,yes,cuda,12.1,summarized,,hierarchical from GPU fork instrumented
2025_12_16___20_47_00,1,4,4,REDUCE_SCATTER,OMPI,4.1.6,no,null,null,summarized,,hierarchical from GPU fork instrumented
2025_12_16___19_28_23,0,256,1,BCAST,OMPI,4.1.6,no,null,null,minimal,,null
2025_12_16___19_28_23,1,256,2,BCAST,OMPI,4.1.6,no,null,null,minimal,,null
2025_12_16___19_28_23,2,256,4,BCAST,OMPI,4.1.6,no,null,null,minimal,,null
2025_12_18___04_38_12,0,8,1,ALLREDUCE,OMPI,4.1.6,no,null,null,minimal,,null
2025_12_18___05_53_40,0,8,1,ALLREDUCE,OMPI,4.1.6,no,null,null,minimal,,null
2025_12_18___15_54_03,0,8,1,ALLREDUCE,OMPI,4.1.6,no,null,null,minimal,,null
2025_12_19___20_01_32,0,16,1,REDUCE_SCATTER,OMPI,4.1.6,yes,cuda,12.1,summarized,,from GPU fork
2025_12_19___20_01_32,1,16,1,REDUCE_SCATTER,OMPI,4.1.6,no,null,null,summarized,,from GPU fork
2026_02_12___09_04_37,0,64,1,GATHER,OMPI,6.1.0,no,null,null,minimal,,null
2026_02_12___09_04_37,1,64,1,SCATTER,OMPI,6.1.0,no,null,null,minimal,,null
2026_02_12___09_04_37,2,64,1,GATHER,OMPI,4.1.6,no,null,null,minimal,,null
2026_02_12___09_04_37,3,64,1,SCATTER,OMPI,4.1.6,no,null,null,minimal,,null
2026_02_12___17_14_22,0,16,1,ALLGATHER,OMPI,4.1.6,no,null,null,minimal,,null
2026_02_12___17_14_22,1,16,4,ALLGATHER,OMPI,4.1.6,no,null,null,minimal,,null
2026_02_12___17_14_22,2,16,1,ALLREDUCE,OMPI,4.1.6,no,null,null,minimal,,null
2026_02_12___17_14_22,3,16,4,ALLREDUCE,OMPI,4.1.6,no,null,null,minimal,,null
2026_02_12___17_14_22,4,16,1,ALLTOALL,OMPI,4.1.6,no,null,null,minimal,,null
2026_02_12___17_14_22,5,16,4,ALLTOALL,OMPI,4.1.6,no,null,null,minimal,,null
2026_02_12___17_14_22,6,16,1,BCAST,OMPI,4.1.6,no,null,null,minimal,,null
2026_02_12___17_14_22,7,16,4,BCAST,OMPI,4.1.6,no,null,null,minimal,,null
2026_02_12___17_14_22,8,16,1,GATHER,OMPI,4.1.6,no,null,null,minimal,,null
2026_02_12___17_14_22,9,16,4,GATHER,OMPI,4.1.6,no,null,null,minimal,,null
2026_02_12___17_14_22,10,16,1,REDUCE,OMPI,4.1.6,no,null,null,minimal,,null
2026_02_12___17_14_22,11,16,4,REDUCE,OMPI,4.1.6,no,null,null,minimal,,null
2026_02_12___17_14_22,12,16,1,REDUCE_SCATTER,OMPI,4.1.6,no,null,null,minimal,,null
2026_02_12___17_14_22,13,16,4,REDUCE_SCATTER,OMPI,4.1.6,no,null,null,minimal,,null
2026_02_12___17_14_22,14,16,1,SCATTER,OMPI,4.1.6,no,null,null,minimal,,null
2026_02_12___17_14_22,15,16,4,SCATTER,OMPI,4.1.6,no,null,null,minimal,,null
2026_02_12___17_13_37,0,256,1,ALLGATHER,OMPI,4.1.6,no,null,null,minimal,,null
2026_02_12___17_13_37,1,256,4,ALLGATHER,OMPI,4.1.6,no,null,null,minimal,,null
2026_02_12___17_13_37,2,256,1,ALLREDUCE,OMPI,4.1.6,no,null,null,minimal,,null
2026_02_12___17_13_37,3,256,4,ALLREDUCE,OMPI,4.1.6,no,null,null,minimal,,null
2026_02_12___17_13_37,4,256,1,ALLTOALL,OMPI,4.1.6,no,null,null,minimal,,null
2026_02_12___17_13_37,5,256,4,ALLTOALL,OMPI,4.1.6,no,null,null,minimal,,null
2026_02_12___17_13_37,6,256,1,BCAST,OMPI,4.1.6,no,null,null,minimal,,null
2026_02_12___17_13_37,7,256,4,BCAST,OMPI,4.1.6,no,null,null,minimal,,null
2026_02_12___17_13_37,8,256,1,GATHER,OMPI,4.1.6,no,null,null,minimal,,null
2026_02_12___17_13_37,9,256,4,GATHER,OMPI,4.1.6,no,null,null,minimal,,null
2026_02_12___17_13_37,10,256,1,REDUCE,OMPI,4.1.6,no,null,null,minimal,,null
2026_02_12___17_13_37,11,256,4,REDUCE,OMPI,4.1.6,no,null,null,minimal,,null
2026_02_12___17_13_37,12,256,1,REDUCE_SCATTER,OMPI,4.1.6,no,null,null,minimal,,null
2026_02_12___17_13_37,13,256,4,REDUCE_SCATTER,OMPI,4.1.6,no,null,null,minimal,,null
2026_02_12___17_13_37,14,256,1,SCATTER,OMPI,4.1.6,no,null,null,minimal,,null
2026_02_12___17_13_37,15,256,4,SCATTER,OMPI,4.1.6,no,null,null,minimal,,null
2026_02_13___16_11_38,0,128,1,ALLGATHER,OMPI,4.1.6,no,null,null,minimal,,null
2026_02_13___16_11_38,1,128,4,ALLGATHER,OMPI,4.1.6,no,null,null,minimal,,null
2026_02_13___16_11_38,2,128,1,ALLREDUCE,OMPI,4.1.6,no,null,null,minimal,,null
2026_02_13___16_11_38,3,128,4,ALLREDUCE,OMPI,4.1.6,no,null,null,minimal,,null
2026_02_13___16_11_38,4,128,1,BCAST,OMPI,4.1.6,no,null,null,minimal,,null
2026_02_13___16_11_38,5,128,4,BCAST,OMPI,4.1.6,no,null,null,minimal,,null
2026_02_13___16_11_38,6,128,1,GATHER,OMPI,4.1.6,no,null,null,minimal,,null
2026_02_13___16_11_38,7,128,4,GATHER,OMPI,4.1.6,no,null,null,minimal,,null
2026_02_13___16_11_38,8,128,1,REDUCE,OMPI,4.1.6,no,null,null,minimal,,null
2026_02_13___16_11_38,9,128,4,REDUCE,OMPI,4.1.6,no,null,null,minimal,,null
2026_02_13___16_11_38,10,128,1,REDUCE_SCATTER,OMPI,4.1.6,no,null,null,minimal,,null
2026_02_13___16_11_38,11,128,4,REDUCE_SCATTER,OMPI,4.1.6,no,null,null,minimal,,null
2026_02_13___16_11_38,12,128,1,SCATTER,OMPI,4.1.6,no,null,null,minimal,,null
2026_02_13___16_11_38,13,128,4,SCATTER,OMPI,4.1.6,no,null,null,minimal,,null
2026_02_13___16_11_57,0,64,1,ALLGATHER,OMPI,4.1.6,no,null,null,minimal,,null
2026_02_13___16_11_57,1,64,4,ALLGATHER,OMPI,4.1.6,no,null,null,minimal,,null
2026_02_13___16_11_57,2,64,1,ALLREDUCE,OMPI,4.1.6,no,null,null,minimal,,null
2026_02_13___16_11_57,3,64,4,ALLREDUCE,OMPI,4.1.6,no,null,null,minimal,,null
2026_02_13___16_11_57,4,64,1,BCAST,OMPI,4.1.6,no,null,null,minimal,,null
2026_02_13___16_11_57,5,64,4,BCAST,OMPI,4.1.6,no,null,null,minimal,,null
2026_02_13___16_11_57,6,64,1,GATHER,OMPI,4.1.6,no,null,null,minimal,,null
2026_02_13___16_11_57,7,64,4,GATHER,OMPI,4.1.6,no,null,null,minimal,,null
2026_02_13___16_12_12,0,32,1,ALLGATHER,OMPI,4.1.6,no,null,null,minimal,,null
2026_02_13___16_11_57,8,64,1,REDUCE,OMPI,4.1.6,no,null,null,minimal,,null
2026_02_13___16_12_12,1,32,4,ALLGATHER,OMPI,4.1.6,no,null,null,minimal,,null
2026_02_13___16_11_57,9,64,4,REDUCE,OMPI,4.1.6,no,null,null,minimal,,null
2026_02_13___16_12_12,2,32,1,ALLREDUCE,OMPI,4.1.6,no,null,null,minimal,,null
2026_02_13___16_12_12,3,32,4,ALLREDUCE,OMPI,4.1.6,no,null,null,minimal,,null
2026_02_13___16_12_12,4,32,1,BCAST,OMPI,4.1.6,no,null,null,minimal,,null
2026_02_13___16_11_57,10,64,1,REDUCE_SCATTER,OMPI,4.1.6,no,null,null,minimal,,null
2026_02_13___16_11_57,11,64,4,REDUCE_SCATTER,OMPI,4.1.6,no,null,null,minimal,,null
2026_02_13___16_12_12,5,32,4,BCAST,OMPI,4.1.6,no,null,null,minimal,,null
2026_02_13___16_11_57,12,64,1,SCATTER,OMPI,4.1.6,no,null,null,minimal,,null
2026_02_13___16_11_57,13,64,4,SCATTER,OMPI,4.1.6,no,null,null,minimal,,null
2026_02_13___16_12_12,6,32,1,GATHER,OMPI,4.1.6,no,null,null,minimal,,null
2026_02_13___16_12_12,7,32,4,GATHER,OMPI,4.1.6,no,null,null,minimal,,null
2026_02_13___16_12_12,8,32,1,REDUCE,OMPI,4.1.6,no,null,null,minimal,,null
2026_02_13___16_12_12,9,32,4,REDUCE,OMPI,4.1.6,no,null,null,minimal,,null
2026_02_13___16_12_12,10,32,1,REDUCE_SCATTER,OMPI,4.1.6,no,null,null,minimal,,null
2026_02_13___16_12_12,11,32,4,REDUCE_SCATTER,OMPI,4.1.6,no,null,null,minimal,,null
2026_02_13___16_12_12,12,32,1,SCATTER,OMPI,4.1.6,no,null,null,minimal,,null
2026_02_13___16_12_12,13,32,4,SCATTER,OMPI,4.1.6,no,null,null,minimal,,null
2026_05_11___16_33_05,0,4,4,ALLGATHER,NCCL,2.22.3,yes,cuda,12.2,minimal,,nccl full collective test
2026_05_11___16_33_05,1,4,4,ALLREDUCE,NCCL,2.22.3,yes,cuda,12.2,minimal,,nccl full collective test
2026_05_11___16_33_05,2,4,4,BCAST,NCCL,2.22.3,yes,cuda,12.2,minimal,,nccl full collective test
2026_05_11___16_33_05,3,4,4,REDUCE,NCCL,2.22.3,yes,cuda,12.2,minimal,,nccl full collective test
2026_05_11___16_33_05,4,4,4,REDUCE_SCATTER,NCCL,2.22.3,yes,cuda,12.2,minimal,,nccl full collective test
2026_05_11___16_55_33,0,4,4,ALLGATHER,NCCL,2.22.3,yes,cuda,12.2,minimal,,multi lib test
2026_05_11___16_55_33,1,4,4,ALLGATHER,OMPI,4.1.6,yes,cuda,12.1,minimal,,multi lib test
2026_05_11___16_55_33,2,4,4,ALLGATHER,OMPI,4.1.6,no,null,null,minimal,,multi lib test
2026_05_11___18_01_45,0,4,1,ALLGATHER,NCCL,2.22.3,yes,cuda,12.2,minimal,,nccl full collectiv test protocol ll128
2026_05_11___18_01_45,1,4,1,ALLREDUCE,NCCL,2.22.3,yes,cuda,12.2,minimal,,nccl full collectiv test protocol ll128
2026_05_11___18_01_45,2,4,1,BCAST,NCCL,2.22.3,yes,cuda,12.2,minimal,,nccl full collectiv test protocol ll128
2026_05_11___18_01_45,3,4,1,REDUCE,NCCL,2.22.3,yes,cuda,12.2,minimal,,nccl full collectiv test protocol ll128
2026_05_11___18_01_45,4,4,1,REDUCE_SCATTER,NCCL,2.22.3,yes,cuda,12.2,minimal,,nccl full collectiv test protocol ll128
2026_05_12___13_42_08,0,4,4,ALLGATHER,NCCL,2.22.3,yes,cuda,12.2,minimal,,multi lib test nccl and mpi bine 4 nodes
2026_05_12___13_42_08,1,4,4,REDUCE_SCATTER,NCCL,2.22.3,yes,cuda,12.2,minimal,,multi lib test nccl and mpi bine 4 nodes
2026_05_12___13_42_08,2,4,4,ALLGATHER,OMPI,4.1.6,yes,cuda,12.1,minimal,,multi lib test nccl and mpi bine 4 nodes
2026_05_12___13_42_08,3,4,4,REDUCE_SCATTER,OMPI,4.1.6,yes,cuda,12.1,minimal,,multi lib test nccl and mpi bine 4 nodes
2026_05_12___19_10_58,0,64,4,ALLGATHER,NCCL,2.22.3,yes,cuda,12.2,minimal,,multi lib test nccl and mpi bine 64 nodes
2026_05_12___19_10_58,1,64,4,REDUCE_SCATTER,NCCL,2.22.3,yes,cuda,12.2,minimal,,multi lib test nccl and mpi bine 64 nodes
2026_05_12___19_10_58,2,64,4,ALLGATHER,OMPI,4.1.6,yes,cuda,12.1,minimal,,multi lib test nccl and mpi bine 64 nodes
2026_05_12___19_10_58,3,64,4,REDUCE_SCATTER,OMPI,4.1.6,yes,cuda,12.1,minimal,,multi lib test nccl and mpi bine 64 nodes
2026_05_14___10_04_55,0,64,4,ALLGATHER,OMPI,4.1.6,yes,cuda,12.1,minimal,, nccl vs bine 64 node 4 process
2026_05_14___10_04_55,1,64,4,REDUCE_SCATTER,OMPI,4.1.6,yes,cuda,12.1,minimal,, nccl vs bine 64 node 4 process
2026_05_14___10_04_55,2,64,4,ALLGATHER,NCCL,2.22.3,yes,cuda,12.2,minimal,, nccl vs bine 64 node 4 process
2026_05_14___10_04_55,3,64,4,REDUCE_SCATTER,NCCL,2.22.3,yes,cuda,12.2,minimal,, nccl vs bine 64 node 4 process
2026_05_14___12_27_34,0,64,1,ALLGATHER,OMPI,4.1.6,yes,cuda,12.1,minimal,, nccl vs bine 64 node 1 process
2026_05_14___12_27_34,1,64,1,REDUCE_SCATTER,OMPI,4.1.6,yes,cuda,12.1,minimal,, nccl vs bine 64 node 1 process
2026_05_14___12_27_34,2,64,1,ALLGATHER,NCCL,2.22.3,yes,cuda,12.2,minimal,, nccl vs bine 64 node 1 process
2026_05_14___12_27_34,3,64,1,REDUCE_SCATTER,NCCL,2.22.3,yes,cuda,12.2,minimal,, nccl vs bine 64 node 1 process
2026_05_22___10_21_05,0,256,4,ALLGATHER,OMPI,4.1.6,yes,cuda,12.1,minimal,,null
2026_05_22___10_21_05,1,256,4,ALLGATHER,NCCL,2.30.3,yes,cuda,12.2,minimal,,null
2026_05_22___11_27_59,0,256,1,ALLGATHER,OMPI,4.1.6,yes,cuda,12.1,minimal,,null
2026_05_22___11_27_59,1,256,1,ALLGATHER,NCCL,2.30.3,yes,cuda,12.2,minimal,,null